{"cameraMode":{"drawMode":0,"name":"Shaded","section":"Shading Mode"},"sceneLighting":true,"audioPlay":false,"sceneViewState":{"m_AlwaysRefresh":false,"showFog":true,"showSkybox":true,"showFlares":true,"showImageEffects":true,"showParticleSystems":true,"showVisualEffectGraphs":true,"m_FxEnabled":true},"in2DMode":false,"pivot":{"x":8.2241849899292,"y":14.564656257629395,"z":30.739290237426759},"rotation":{"x":-0.07972992211580277,"y":0.009772289544343949,"z":-0.0008344679954461753,"w":-0.9969183206558228},"size":22.569232940673829,"orthographic":false}